# Name (string), plays (int), opp_plays(int), starting_plays(int), pattern (str)
, 0, 0, 1, C, CD
, 0, 0, 2, CC, CDCD
, 0, 0, 3, CCC, CDDDCDDD
, 1, 1, 0, C, CDDD
, 1, 1, 1, C, CDDDDDCD
, 1, 1, 2, CC, CDDDDDDDDCCDCDDD
, 1, 1, 3, CCC, CDDDDDDDDDDDCDDDDCCDCDDDDCDDDDDD
, 1, 1, 4, CCCC, CDCCDDDDCDDDDDCCDCDCDDDDDCDDDDDDDCCDCDCDDDDDCDDDDCDDDDDDCDDDCDDD
, 2, 2, 0, CC, CDDDCDCDDCDDDDDD
, 2, 2, 1, C, CDCCCCDDDCCCDDDCCCDDCDCDDCCCDDDD
, 2, 2, 2, CC, CDCCDCCCDCDDDCCCDCDDDDDDDCDDDCDCDDDDCCDCCCCDDDDCCDDDDCCDCDDDDDDD
, 2, 2, 3, CCC, CDCCDCCCDCDCDDDCCDCCCDCCDDDCDDDDDDCCCDDCDCDCDDDCCDCDCCDDCCCCDDDCDDCDCCDDCCDDDDDDCDDDDDCDCDDDDDDDDCDCDCDCCDDDDDDDCCCDCDDDDCDDDDDD
, 2, 2, 4, CCCC, CDCCDCCCDCDCDDDCCDCCDDCDDCDCDDDCDCCCCDCCDCDCDDDCCCCDCDDDCDCCCDDCDDDCCDCDDCCCDDDCDDDDCDDDDCDCDDDCDDCCCCDDCCCCDCDCCDCDDDCDDCCCDCDCDCCDCCCDCCCCDDDDCDCCDCCDCDDDDDDDDDDCDCCCDDCDDDDDCDCDCCDDDCCDDDDDDDCDDDDDDCCDDDDDCCDDDCCCCCDDDDDDCDCDCDDCDCDDDDDCCCDDCDDDDDCDDDDD
, 3, 3, 1, CCC, CDDDCDCCCCCCDDDDDDCDDCDCDDDCCDDCDDCCDCCCDDDDCCDDDDCCDDCCDDDDDDDCCDCDDDDDCCDDCDDDDCCDCDCCCCCDCDDDDDCCCDCCCCCDDDCDDDDDDCDCDDDDDDDD
, 3, 3, 2, CCC, CDCCCCCCCDCCCDCCDDDDDCDCDDDDCDDCDDCCCCCCDDDDCCCDDDDDDDDCDDDDDDDCCDDDCDCCCCCCCDDDDDCCCCDCDCDCCCDCDCCDDDCCCDDCDDCCDCCCCCDCDDDDDDDDDDDDDDDCDCCDCCCDCCDDDDDDCCDDDCCDCDDCDCDDCCDDDDCDCDDCDCDDDDDDDDDDCDDDCCDDDCCCDCDDDDCDDCCDCCCDCCDDDCDDCCCCDCDCDCDDDDDCCDDCDDDDDDDD
, 3, 3, 3, CCC, CDCCCCCCCCCCDDCDDDCCDCDCDDCDDCCCCDCCCCCCCCDCDCDCDCDCCCDDDDDCDDDDCDCCCCCCCDCDDCDCDDDDDCDCDDDCCCCCDDCCCDCCCDDDDCCCDDDCCCDCDDDDDDDDCDDCCDDCDDCDCDCDCDDCDCDCDDDDDCDDDDCDCDCCDCDDCCCCDCCCDCDDDDDDDDDCCCCDCCCCCDDCCDCDCCCCDCDCDDDDDDDCDCCCDDCCCCDDCDDDCDCDCDCCDDDDDDDDCCCCDCDDCCDDCCDCDCCDDDCDDDDDDCDDDDCCCDDDCDCCDCCDDDCCDCDDCDDDDDDDCDCCDDDDDDDDDCDDDCCDCDCCDDCDCCCDCCDCDCCDDDDCDDDDCDDDDCCDDDDDDDDDCDDDCCDCCCDDDCDDCDDDDDCDDDCDCCDDCDCDDDDDCDDCDDCDDDDCDDDDDDDDDDDDCCCCCDDDDCCCDCDDCDDCCCDCCDCCCDDDCDCDDDDCCDDDDDDCCDCDCDCCDDDDDDDD
, 4, 4, 1, CCCC, CDDDDCDDCDDCCDCCDDCCDDDCDDCCDCDDCCDCCCCCCDCDDDDCDDDDCCDCDDDCDDDCCCCCCCDDDDCCDCCCDDDCCCCDCDDCCDCCCDDDCCCDDDDCDCDDDDDDDDDCCCDDDCCDCDDCCDCCCCCDCDCCCDDDDCCDDDDCDDCDDCDCCCCCCDCDCCDCDDCCCCCCCDDCDDDDDCCCCDDCDCDDCDCCCDDDCCDCDDCCCDDDDCDCDCDCDDDDCDDCDDDDDDDDDDDDDDDCCCCCCCCCDDCCCDCDDDCDCCCDCDCDDCCDCCDCCDDCDDDDCDDDCCDDCCCDDDDDCCDDDDCDDDDCCCDCDCDCDDCDCDDDCCDDDCCDCDCCCDDDDCCDCDDCCDCCCDCCDDDDDCCDDCCDDDCDCDDDDDDDCDDDDCCCDCDDDDCDDCCDCCCDCDDCCCCDDCDCDCDCDDDCDDDDCCDDDCCDDCDCCCCDCCCCCCCDDDDDDDCDCDDCCCCDDCDDCCDCDDDDDDDDDDDDDDDD
, 4, 4, 2, CCCC, CDDDCCCCCDCCCCCCDDDCDCCDCDCCCCDCDDCDCDDCDCCCDDDCDDCCDCDCDDCCDDDCDDCCCDCCCCDDCCCCDDCCCDDCCDCCDDDDCDCCDCDCCDCCDDCDDDDDDCDDDDDCCDCCCCDCCCDCCDCDCCCCCDDCCDDDCCDCCCDDCDCDDCDCDCDDCDDCCCCDCCDDDDDCCDCDDDDCDCDCDDDDDCCCDCDDCDCDDCCDDCCDDCCDCDDCDDDCDCCCDDDCDDDDDDDDDDDCCCDDDDCDCCDDDDDCCDCDCCDCCDDDCCCDDDCDDCDDCCCDCCDCDCDDCDDDCDDDDDDCDDDCDDCCCDDDCCCCDDCDCDCDCCDDCCCDDCDCCDCCDCDCDDCCCDDCDDCCCCDCDDDCCDDDCCDDDCDDCDDDCDDDDDDCCCCCCDCDCCDDCCDDDDCDCCDCCCDCDCCDDCCDCDDDDCDDCCCCCCDDDDCCCCDCCDCCCDCDCCCCDDDCCCCCDDCDDCCCDDDDDDDDDDDDDDDDCCDDDDCDDCCDDDDDCDDDDCDDDCDCDDDDDCCCCCDCDDCDCCCDCCDDDCDDDCDCDDCDDDCDCDDDCCDDDCCDCCCCCCDCCDCDCCDCCDCDCCCDDCDCCCDDCCCCDDDDCCDCDCCDCCCDCCDCCDCCDDCCCDCCDDDDCDDCCCDDCCDDCCDCDDCCCDCDDDDCDCDCDDCDCDDDCCDDCDCCCDCDCCDDDCDCDCDCCDCDDCCCCDCDCCDDDCDCDDDDDDDDDDDDDDDDDDDDCDDDCDCDCCCDCDCDCDCCDDDDDCDDCCCDDDDCDDDDDDDCDDDCCCDCCCCDCCDDDDDDDDDCDDDCDDDDCDCDCCCDDDDCCCDCDCCCDCCCDCDDDCCDDDCDDDDCCCCDCCDCDDDDCCCCDDCDDCDDDCDCDDCDDCDCCDCCDCCDCDCDCCDCCDCCDCCCDDDDDCCDDDDDDCDCCCCCDDCDCCDCDDDDDCDDDDDDCDDDDDDDCDCDDDDDCCDDCCCCDDDDDDDDDDDDDDDD
